timestamp,application,log_level,message,user_id,session_id,source_ip,destination_ip,response_code,latency_ms,cpu_usage,memory_usage,disk_io,network_bandwidth,module,error_code
2024-06-18 08:47:33,LoanProcessing,CRITICAL,Database connection lost,1904,SID-440326,180.139.137.172,251.185.146.7,200,268.5,93.92,92.73,80.24,395.6,Transaction,AUTH_401
2024-04-25 08:16:29,InsuranceApp,INFO,API response delayed,5092,SID-537555,72.166.11.67,187.59.24.173,404,831.22,28.8,59.81,49.97,402.61,API Gateway,API_TIMEOUT
2025-03-13 08:25:36,BankingApp,INFO,User authentication failed,1514,SID-323896,234.17.15.177,75.104.222.239,401,-397.08,46.02,68.54,33.95,806.32,Scheduler,API_TIMEOUT
2025-04-05 08:04:21,InsuranceApp,ERROR,Service unavailable,3888,SID-276329,132.177.135.178,109.205.243.202,200,501.31,44.59,49.97,44.69,391.06,API Gateway,API_TIMEOUT
2025-04-10 08:40:10,InsuranceApp,WARNING,Transaction processed,2507,SID-852603,125.132.14.212,179.82.25.169,503,1445.01,69.24,32.06,16.87,814.69,API Gateway,AUTH_401
2024-09-09 08:50:32,FraudDetection,INFO,Service unavailable,3472,SID-942257,230.144.250.187,215.158.205.189,201,3.07,49.77,51.84,47.69,519.47,Transaction,TXN_FAILURE
2025-01-04 08:54:16,BankingApp,CRITICAL,Memory usage high,6616,SID-225068,242.142.173.46,137.86.42.58,404,1822.77,50.55,21.42,20.11,952.16,Auth,DB_CONN_FAIL
2025-03-02 08:27:56,FraudDetection,CRITICAL,Transaction processed,5645,SID-614358,150.220.211.225,211.5.198.172,404,81.56,66.05,81.65,38.1,567.51,Database,CPU_OVERLOAD
2024-10-13 08:17:27,LoanProcessing,WARNING,User authentication failed,4550,SID-548654,31.8.49.157,125.192.220.235,503,2874.87,14.17,27.42,41.4,963.26,Transaction,NULL
2024-05-09 08:04:53,LoanProcessing,INFO,CPU spike detected,4734,SID-689554,156.29.238.25,77.98.117.142,503,548.89,66.41,83.27,81.57,733.16,Auth,DB_CONN_FAIL
2024-07-29 08:39:04,BankingApp,INFO,API response delayed,5089,SID-137156,143.112.98.46,70.111.225.183,500,946.65,48.87,81.57,72.84,146.14,Cache,AUTH_401
2025-03-30 08:37:45,LoanProcessing,INFO,API response delayed,8630,SID-916930,158.102.217.147,169.145.216.236,500,2024.85,77.88,37.34,76.59,248.68,Auth,MEM_LEAK
2024-04-27 08:48:18,FraudDetection,WARNING,Database connection lost,2545,SID-413090,45.196.224.203,243.247.120.147,403,1775.83,24.38,36.06,97.56,585.3,Transaction,API_TIMEOUT
2024-08-31 08:34:45,BankingApp,ERROR,Database connection lost,3768,SID-838526,255.210.102.112,187.130.52.122,200,820.89,57.77,86.27,63.12,301.4,Transaction,TXN_FAILURE
2025-04-13 08:42:42,LoanProcessing,ERROR,Memory usage high,7758,SID-685133,71.47.153.220,140.235.100.246,403,2.11,79.63,64.76,92.95,304.48,Cache,AUTH_401
2024-12-20 08:04:59,LoanProcessing,CRITICAL,Database connection lost,1549,SID-536696,38.56.199.255,224.251.36.116,400,1507.16,20.86,58.43,31.28,915.03,API Gateway,TXN_FAILURE
2025-01-03 08:46:50,BankingApp,CRITICAL,API response delayed,8755,SID-953202,171.55.24.107,166.73.200.120,201,615.41,30.74,39.32,7.6,351.66,Transaction,AUTH_401
2024-05-22 08:13:21,LoanProcessing,ERROR,Memory usage high,5353,SID-565164,196.188.232.34,13.155.153.192,201,3008.31,75.97,71.68,93.5,553.42,Transaction,API_TIMEOUT
2025-02-07 08:06:40,FraudDetection,ERROR,Service unavailable,5230,SID-883604,172.185.19.175,238.31.205.50,503,1464.68,49.17,24.42,65.41,837.84,Transaction,TXN_FAILURE
2024-06-28 08:22:19,InsuranceApp,INFO,Memory usage high,7619,SID-784049,229.108.82.26,106.35.215.194,200,1075.64,21.82,91.36,28.5,972.87,Transaction,MEM_LEAK
2024-08-20 08:22:47,InsuranceApp,CRITICAL,Transaction processed,2994,SID-125714,10.160.65.90,187.70.183.149,400,3547.3,54.89,55.21,34.68,836.4,Cache,MEM_LEAK
2025-03-29 08:10:57,InsuranceApp,WARNING,Transaction processed,3014,SID-740727,102.236.184.185,98.33.237.50,400,-744.2,76.95,40.53,32.32,409.02,Auth,MEM_LEAK
2024-06-04 08:46:16,FraudDetection,CRITICAL,User authentication failed,1133,SID-655956,171.82.64.103,231.255.57.14,400,614.14,32.35,52.67,32.56,992.1,Database,CPU_OVERLOAD
2024-07-27 08:58:33,LoanProcessing,ERROR,Database connection lost,2328,SID-958977,55.87.158.168,201.87.93.244,404,1017.27,25.79,23.34,11.49,743.29,Cache,TXN_FAILURE
2025-02-14 08:29:17,InsuranceApp,CRITICAL,Service unavailable,2507,SID-448356,25.122.109.171,38.114.251.175,200,77.53,46.23,83.69,54.16,449.22,API Gateway,AUTH_401
2024-06-09 08:53:34,LoanProcessing,INFO,Transaction processed,9050,SID-105973,84.49.166.34,202.0.165.207,500,1264.44,68.08,63.72,58.56,551.24,API Gateway,AUTH_401
2024-05-30 08:05:50,InsuranceApp,INFO,Service unavailable,7330,SID-282691,134.175.254.215,243.157.77.108,400,1091.22,88.28,52.79,39.27,600.95,Database,TXN_FAILURE
2024-05-15 08:47:09,LoanProcessing,CRITICAL,Service unavailable,9410,SID-700731,199.164.5.20,1.139.86.122,201,1185.96,84.3,41.81,27.06,845.97,Auth,TXN_FAILURE
2024-09-23 08:56:50,BankingApp,INFO,Service unavailable,6649,SID-357051,160.228.188.8,229.195.50.190,403,1358.01,62.75,87.59,95.5,700.37,Database,MEM_LEAK
2024-12-01 08:41:00,LoanProcessing,INFO,Service unavailable,2892,SID-382769,113.95.97.2,109.205.97.102,201,705.84,11.83,62.7,18.89,738.05,Transaction,TXN_FAILURE
2025-04-07 08:43:34,FraudDetection,CRITICAL,User authentication failed,4025,SID-840726,166.190.41.123,136.100.58.192,200,1074.64,48.46,69.73,51.5,520.47,Auth,NULL
2024-05-12 08:15:56,InsuranceApp,ERROR,Database connection lost,9307,SID-518938,147.75.125.107,50.86.87.96,200,2039.22,13.49,30.79,65.13,372.94,Transaction,CPU_OVERLOAD
2024-09-28 08:42:01,InsuranceApp,CRITICAL,Memory usage high,9065,SID-694819,25.204.195.57,249.32.159.197,403,2992.69,64.48,27.47,64.7,956.45,Database,TXN_FAILURE
2024-05-08 08:56:19,InsuranceApp,WARNING,CPU spike detected,5287,SID-677076,0.35.63.30,112.103.75.135,201,2073.38,84.15,55.17,98.83,164.05,Database,CPU_OVERLOAD
2025-03-02 08:47:33,BankingApp,CRITICAL,User authentication failed,6843,SID-436071,218.66.224.164,49.36.203.169,503,2121.65,85.83,23.98,57.22,235.41,Transaction,API_TIMEOUT
2025-02-15 08:13:32,BankingApp,ERROR,User authentication failed,1281,SID-117916,57.73.230.239,38.186.243.125,200,557.34,16.96,38.3,19.44,157.53,Auth,NULL
2025-04-20 08:03:17,BankingApp,WARNING,User authentication failed,4129,SID-450278,238.230.108.214,77.51.177.73,403,1360.79,41.32,49.75,65.11,369.04,Database,MEM_LEAK
2024-04-28 08:01:55,FraudDetection,INFO,Transaction processed,6793,SID-628834,36.135.103.62,151.70.205.50,200,477.11,67.75,85.59,16.09,952.33,Transaction,API_TIMEOUT
2024-08-30 08:50:07,FraudDetection,ERROR,Transaction processed,2762,SID-604341,93.79.94.69,128.124.137.145,401,334.83,29.43,36.99,23.13,355.43,Transaction,MEM_LEAK
2024-05-05 08:10:09,BankingApp,ERROR,Service unavailable,9115,SID-498009,165.127.22.77,133.99.212.59,200,1744.27,31.0,87.46,32.33,566.4,Auth,NULL
2025-01-24 08:52:51,InsuranceApp,WARNING,CPU spike detected,4941,SID-885308,70.113.37.82,106.94.41.13,500,2219.7,72.49,22.78,51.25,329.98,Transaction,API_TIMEOUT
2024-08-24 08:01:36,InsuranceApp,CRITICAL,Database connection lost,5414,SID-768364,59.127.210.6,36.56.77.176,201,63.84,11.15,60.52,18.41,355.47,API Gateway,TXN_FAILURE
2024-05-15 08:15:01,InsuranceApp,CRITICAL,Database connection lost,3010,SID-960487,146.52.113.109,158.133.241.162,403,1286.02,46.48,34.44,66.89,476.92,Database,DB_CONN_FAIL
2024-11-15 08:54:41,BankingApp,WARNING,CPU spike detected,7479,SID-377660,188.193.69.222,112.38.229.41,401,1411.08,46.68,29.87,84.25,589.17,API Gateway,CPU_OVERLOAD
2024-08-27 08:50:22,LoanProcessing,CRITICAL,API response delayed,5864,SID-672730,34.246.32.170,160.28.101.110,201,15.06,56.64,73.74,13.4,745.54,API Gateway,CPU_OVERLOAD
2024-11-30 08:13:01,BankingApp,CRITICAL,Transaction processed,5201,SID-306340,138.149.130.96,202.153.197.41,403,1180.86,81.33,55.41,92.45,625.88,Transaction,NULL
2024-09-10 08:53:59,BankingApp,WARNING,User authentication failed,8913,SID-910114,206.15.232.150,81.37.247.152,400,1040.82,42.87,22.23,66.96,662.12,Cache,DB_CONN_FAIL
2025-03-24 08:08:17,BankingApp,WARNING,API response delayed,8548,SID-724738,35.16.59.198,58.255.80.179,403,1274.16,16.07,87.01,11.69,478.68,API Gateway,AUTH_401
2024-05-12 08:17:03,InsuranceApp,CRITICAL,User authentication failed,9350,SID-629632,246.148.79.92,109.228.83.38,200,486.95,22.31,80.88,31.44,907.68,Scheduler,MEM_LEAK
2025-04-22 08:59:43,FraudDetection,WARNING,API response delayed,7470,SID-128985,19.8.7.183,255.238.112.141,200,843.82,54.8,79.79,22.51,737.88,API Gateway,DB_CONN_FAIL
2024-10-22 08:54:41,InsuranceApp,WARNING,User authentication failed,4826,SID-668154,15.8.251.243,229.156.44.241,404,901.09,57.63,30.95,63.45,652.79,Scheduler,MEM_LEAK
2024-08-30 08:19:37,FraudDetection,WARNING,Service unavailable,5084,SID-186682,239.72.66.103,37.53.227.75,503,-221.92,52.32,38.81,22.9,593.52,API Gateway,NULL
2024-08-03 08:37:22,FraudDetection,ERROR,Memory usage high,7420,SID-113725,161.153.57.145,13.13.34.99,403,2258.02,45.37,23.23,87.74,291.08,Scheduler,AUTH_401
2024-08-12 08:43:00,BankingApp,ERROR,Service unavailable,5879,SID-190310,140.245.12.128,38.215.183.153,404,2596.99,80.63,92.52,48.0,886.03,Cache,DB_CONN_FAIL
2024-06-20 08:53:35,LoanProcessing,WARNING,User authentication failed,1416,SID-899397,7.110.215.1,107.174.4.237,403,1780.6,34.56,73.96,49.93,932.81,Database,API_TIMEOUT
2024-10-14 08:35:00,BankingApp,INFO,Memory usage high,8044,SID-871900,188.123.33.67,168.27.148.59,404,1727.34,69.14,75.91,23.83,645.97,Database,AUTH_401
2024-07-13 08:55:06,FraudDetection,ERROR,CPU spike detected,4145,SID-535562,0.203.198.226,231.127.28.159,400,1277.16,50.44,84.6,56.43,247.33,Transaction,NULL
2025-01-28 08:11:55,FraudDetection,INFO,User authentication failed,3377,SID-535785,71.179.229.74,108.2.203.124,200,2396.41,78.66,85.28,29.33,623.72,API Gateway,DB_CONN_FAIL
2024-07-15 08:06:36,LoanProcessing,WARNING,CPU spike detected,4706,SID-398800,105.83.154.137,212.87.3.134,404,951.48,74.84,93.47,88.63,941.78,Cache,API_TIMEOUT
2024-10-11 08:21:58,BankingApp,CRITICAL,CPU spike detected,6925,SID-471467,178.89.137.10,101.50.216.229,503,1189.03,12.8,85.93,7.35,699.73,Transaction,DB_CONN_FAIL
2024-12-03 08:38:18,FraudDetection,INFO,Transaction processed,9586,SID-402969,69.31.36.190,59.224.235.255,403,1182.98,88.02,29.27,10.36,606.46,Scheduler,AUTH_401
2025-01-09 08:44:24,FraudDetection,CRITICAL,CPU spike detected,9891,SID-660079,252.64.42.163,239.81.51.100,201,1454.25,41.28,70.62,42.33,476.66,Auth,API_TIMEOUT
2024-08-22 08:58:14,FraudDetection,CRITICAL,User authentication failed,9690,SID-751298,40.43.83.150,251.185.110.156,401,1453.96,80.39,62.39,11.69,417.03,API Gateway,NULL
2025-03-10 08:51:58,BankingApp,INFO,User authentication failed,7326,SID-694524,27.24.224.192,255.238.141.65,404,1629.06,64.88,49.61,18.44,998.31,Scheduler,NULL
2024-05-08 08:37:21,InsuranceApp,CRITICAL,User authentication failed,4369,SID-491492,135.173.147.213,65.191.3.27,404,1328.55,62.32,74.77,83.84,526.16,Database,MEM_LEAK
2024-06-06 08:56:26,BankingApp,CRITICAL,Database connection lost,8910,SID-874651,107.210.213.206,89.157.242.239,500,1238.95,45.67,78.87,91.35,271.19,API Gateway,DB_CONN_FAIL
2024-07-10 08:58:46,FraudDetection,INFO,API response delayed,8886,SID-476082,10.131.1.13,180.20.213.226,401,1071.25,66.77,71.77,46.71,781.88,Database,MEM_LEAK
2024-11-04 08:23:13,LoanProcessing,INFO,CPU spike detected,4941,SID-639642,126.147.44.200,189.148.31.5,500,2114.63,38.03,93.29,83.16,560.25,Cache,DB_CONN_FAIL
2024-05-08 08:23:41,InsuranceApp,WARNING,Memory usage high,9606,SID-904171,167.71.32.221,118.76.109.229,401,-219.44,89.91,56.7,52.16,697.01,Cache,DB_CONN_FAIL
2024-06-02 08:20:31,FraudDetection,CRITICAL,Transaction processed,3880,SID-830931,186.124.201.48,116.162.25.143,404,1713.46,61.37,79.96,12.42,459.12,Cache,API_TIMEOUT
2025-01-10 08:40:45,InsuranceApp,WARNING,Service unavailable,2840,SID-777316,230.184.241.231,220.31.89.69,201,1560.16,35.21,71.48,98.75,380.97,Transaction,API_TIMEOUT
2025-01-09 08:39:14,LoanProcessing,CRITICAL,Database connection lost,1041,SID-515822,74.61.175.99,241.145.207.233,400,1612.26,33.7,37.28,55.69,394.35,Auth,MEM_LEAK
2024-10-09 08:22:29,LoanProcessing,WARNING,Service unavailable,9405,SID-307926,128.75.13.174,202.95.76.65,404,162.51,87.02,74.33,74.92,117.19,Auth,MEM_LEAK
2024-08-11 08:42:29,FraudDetection,CRITICAL,User authentication failed,9706,SID-114548,47.76.173.116,172.87.86.237,404,1560.04,82.57,87.21,60.29,752.7,Database,TXN_FAILURE
2024-12-04 08:52:03,FraudDetection,WARNING,CPU spike detected,6212,SID-567228,116.60.198.243,246.181.44.83,401,1380.02,89.46,26.97,5.28,674.11,Transaction,MEM_LEAK
2024-11-28 08:19:51,FraudDetection,INFO,Service unavailable,8244,SID-356621,209.55.209.205,161.6.146.132,503,1503.93,24.97,56.61,78.52,737.18,API Gateway,NULL
2024-11-12 08:34:56,InsuranceApp,ERROR,API response delayed,2802,SID-591796,61.248.233.159,36.89.215.41,400,957.45,37.49,57.73,96.47,306.32,Cache,AUTH_401
2024-10-08 08:31:21,LoanProcessing,WARNING,Database connection lost,8372,SID-206265,205.49.247.77,50.117.179.221,404,387.64,65.3,79.06,79.24,895.77,Cache,TXN_FAILURE
2024-04-25 08:46:28,BankingApp,CRITICAL,CPU spike detected,4617,SID-569178,212.202.218.252,118.215.140.171,403,1041.42,28.66,27.7,89.77,236.15,Database,TXN_FAILURE
2024-07-10 08:43:29,InsuranceApp,WARNING,Service unavailable,3669,SID-202360,143.121.226.28,120.203.56.50,401,1785.95,90.47,37.02,21.43,201.65,Scheduler,AUTH_401
2025-01-24 08:26:05,BankingApp,ERROR,User authentication failed,5720,SID-332397,124.43.4.223,13.15.91.47,400,1291.95,34.36,60.43,55.91,197.05,Transaction,MEM_LEAK
2024-10-27 08:09:18,InsuranceApp,ERROR,Transaction processed,5144,SID-161265,183.76.223.255,223.244.204.96,500,1297.84,10.15,82.51,78.72,205.33,Auth,AUTH_401
2024-10-21 08:26:13,FraudDetection,ERROR,Memory usage high,4950,SID-910654,206.198.254.41,22.62.12.58,200,438.0,75.04,54.86,36.25,131.05,Database,DB_CONN_FAIL
2024-10-18 08:46:35,InsuranceApp,CRITICAL,API response delayed,4226,SID-354593,25.7.41.19,54.118.120.254,500,676.55,85.09,31.25,34.12,234.72,Transaction,MEM_LEAK
2024-10-12 08:27:25,InsuranceApp,CRITICAL,API response delayed,5272,SID-594053,115.4.72.69,64.152.32.73,500,1710.39,41.68,46.34,81.27,953.39,Cache,CPU_OVERLOAD
2024-08-07 08:44:55,InsuranceApp,ERROR,Memory usage high,6215,SID-128051,38.170.3.4,153.168.175.33,401,1511.74,75.27,57.8,94.33,637.45,Scheduler,TXN_FAILURE
2025-02-11 08:48:11,LoanProcessing,WARNING,Transaction processed,7239,SID-732588,20.108.215.12,142.109.148.113,404,477.92,29.97,56.27,73.95,452.17,Cache,NULL
2025-03-01 08:35:51,InsuranceApp,WARNING,Transaction processed,8918,SID-525606,7.154.193.76,89.94.250.182,200,1054.76,46.14,28.51,54.69,833.55,Database,API_TIMEOUT
2024-12-31 08:19:58,BankingApp,WARNING,User authentication failed,4905,SID-505437,147.65.42.179,234.83.54.76,404,1082.45,61.31,70.82,66.64,968.1,Database,CPU_OVERLOAD
2024-05-25 08:49:00,BankingApp,ERROR,Database connection lost,2063,SID-220224,252.151.196.199,117.44.8.97,201,932.11,55.17,56.94,9.2,429.34,Database,TXN_FAILURE
2024-08-25 08:34:01,InsuranceApp,WARNING,API response delayed,3936,SID-352652,232.194.168.70,126.139.189.82,400,719.08,80.43,86.6,41.15,245.92,API Gateway,MEM_LEAK
2025-03-14 08:54:05,BankingApp,INFO,API response delayed,5083,SID-396295,89.146.183.20,254.244.149.253,500,1814.79,40.08,77.84,10.93,852.03,Cache,DB_CONN_FAIL
2024-06-15 08:39:21,InsuranceApp,CRITICAL,Transaction processed,6641,SID-442633,150.77.13.211,140.101.170.94,404,1651.3,79.12,83.54,52.05,965.86,Transaction,DB_CONN_FAIL
2025-01-24 08:11:24,FraudDetection,CRITICAL,API response delayed,5928,SID-723637,54.244.8.39,172.50.175.50,401,1626.21,48.39,43.69,58.38,968.77,Auth,MEM_LEAK
2024-11-13 08:40:50,FraudDetection,WARNING,API response delayed,7931,SID-869738,133.111.146.46,222.188.57.59,403,355.78,18.85,79.22,90.1,242.88,Database,MEM_LEAK
2024-12-06 08:43:01,FraudDetection,ERROR,Service unavailable,2294,SID-415559,96.218.252.79,145.105.187.19,404,1496.84,74.84,80.44,73.08,565.4,API Gateway,NULL
2024-07-05 08:31:41,FraudDetection,WARNING,Memory usage high,1891,SID-817471,206.15.32.231,175.60.40.192,404,374.45,22.77,84.28,52.91,462.25,Auth,TXN_FAILURE
2024-06-03 08:30:21,BankingApp,ERROR,API response delayed,2401,SID-647265,194.34.219.71,59.17.50.138,200,620.82,51.27,92.73,98.01,767.38,API Gateway,DB_CONN_FAIL
2024-04-24 08:05:08,BankingApp,WARNING,CPU spike detected,1724,SID-582772,159.19.45.156,20.214.44.241,500,61.23,22.05,36.12,75.82,126.68,API Gateway,NULL
2025-01-23 08:06:16,FraudDetection,INFO,Transaction processed,2911,SID-156799,232.159.24.56,25.91.215.10,400,832.5,23.94,58.75,70.45,886.52,Database,CPU_OVERLOAD
2025-03-05 08:47:52,LoanProcessing,INFO,Database connection lost,5531,SID-439624,94.78.108.55,55.46.58.107,503,220.08,27.52,79.38,7.32,913.37,Auth,MEM_LEAK
2024-08-11 08:23:17,LoanProcessing,WARNING,Database connection lost,4633,SID-852355,89.17.178.242,5.249.101.235,403,1898.26,65.95,34.75,88.34,964.6,API Gateway,TXN_FAILURE
2024-12-05 08:13:08,LoanProcessing,WARNING,Database connection lost,2998,SID-680602,123.168.26.145,67.178.78.83,400,2184.28,79.91,38.35,80.22,293.34,Scheduler,DB_CONN_FAIL
2025-01-08 08:27:06,FraudDetection,WARNING,API response delayed,5007,SID-403196,202.210.201.60,196.32.116.104,404,1366.51,28.02,94.68,86.83,495.72,Cache,NULL
2025-03-18 08:21:32,LoanProcessing,WARNING,Service unavailable,4260,SID-669959,246.54.18.193,173.85.142.123,201,2383.35,87.98,28.59,64.47,806.21,Database,AUTH_401
2024-11-15 08:15:15,BankingApp,INFO,User authentication failed,8656,SID-965308,91.6.117.201,179.141.28.245,404,840.51,83.42,83.35,67.54,124.58,Database,AUTH_401
2025-02-19 08:09:28,InsuranceApp,ERROR,User authentication failed,9300,SID-892122,192.87.190.231,91.235.67.202,401,1436.03,58.01,89.83,8.62,743.72,Database,DB_CONN_FAIL
2024-08-23 08:10:36,BankingApp,CRITICAL,Memory usage high,8495,SID-519481,140.31.34.14,245.7.31.253,401,869.6,56.06,24.06,29.18,237.41,Transaction,API_TIMEOUT
2025-03-05 08:59:08,FraudDetection,ERROR,CPU spike detected,5695,SID-763272,108.255.244.74,248.57.221.84,200,1429.13,15.12,57.68,73.43,900.78,Auth,NULL
2024-07-29 08:30:33,BankingApp,CRITICAL,Transaction processed,8213,SID-157751,178.86.25.215,122.116.77.48,401,417.56,37.34,39.38,45.04,138.71,Database,NULL
2024-10-19 08:03:55,InsuranceApp,WARNING,Memory usage high,4856,SID-582041,253.72.90.151,189.228.85.200,403,817.62,33.55,81.82,58.2,465.29,Database,TXN_FAILURE
2025-03-12 08:11:45,InsuranceApp,CRITICAL,Transaction processed,6167,SID-411449,80.55.116.207,87.225.195.18,500,1919.66,92.98,60.34,19.88,976.93,API Gateway,DB_CONN_FAIL
2024-12-23 08:42:00,BankingApp,WARNING,API response delayed,4074,SID-447041,166.86.55.170,119.98.83.28,500,1245.64,83.3,55.21,66.13,483.03,API Gateway,TXN_FAILURE
2024-08-21 08:08:28,InsuranceApp,INFO,Database connection lost,6079,SID-857800,102.74.66.39,205.106.163.112,403,1020.8,20.8,54.68,54.5,593.92,Database,CPU_OVERLOAD
2024-04-26 08:18:32,LoanProcessing,WARNING,Service unavailable,7211,SID-292761,191.239.43.74,235.126.65.222,500,1242.4,25.52,61.07,72.85,514.78,Cache,CPU_OVERLOAD
2025-03-23 08:04:34,InsuranceApp,WARNING,User authentication failed,1349,SID-564579,38.207.242.245,188.174.11.76,403,258.67,36.89,48.11,76.95,698.23,Auth,NULL
2024-06-29 08:12:42,BankingApp,INFO,Transaction processed,5718,SID-323653,233.140.37.63,227.193.153.98,503,1302.44,61.05,54.88,49.28,452.45,API Gateway,API_TIMEOUT
2024-07-29 08:40:38,InsuranceApp,CRITICAL,Service unavailable,7388,SID-476637,236.55.83.212,5.161.130.241,500,870.99,35.23,78.21,15.76,593.63,Auth,DB_CONN_FAIL
2024-12-12 08:39:31,FraudDetection,WARNING,Transaction processed,2437,SID-732447,132.146.151.134,128.79.68.190,503,1291.98,33.98,44.08,43.37,629.18,API Gateway,DB_CONN_FAIL
2025-01-22 08:03:29,FraudDetection,WARNING,CPU spike detected,9902,SID-909998,124.162.142.231,252.189.41.152,500,2569.09,28.48,83.83,28.55,769.93,Transaction,CPU_OVERLOAD
2024-12-28 08:10:22,FraudDetection,INFO,Service unavailable,9210,SID-563170,104.93.33.200,39.222.104.216,403,1916.64,81.61,86.11,47.87,418.13,Database,MEM_LEAK
2024-07-12 08:02:33,FraudDetection,CRITICAL,CPU spike detected,4451,SID-995285,93.204.137.194,251.150.242.82,401,1954.83,37.78,81.32,58.65,716.42,API Gateway,CPU_OVERLOAD
2025-01-14 08:53:25,LoanProcessing,ERROR,Database connection lost,8552,SID-879474,201.117.120.4,229.21.90.176,403,2701.92,27.9,59.19,13.44,811.3,Transaction,NULL
2025-01-07 08:17:19,FraudDetection,ERROR,User authentication failed,4163,SID-928633,199.176.178.50,226.192.78.77,403,172.31,56.51,56.81,10.36,692.39,API Gateway,API_TIMEOUT
2024-06-20 08:31:56,InsuranceApp,INFO,Database connection lost,7455,SID-385945,129.62.42.18,53.210.32.122,503,341.53,36.55,41.92,16.71,115.9,Transaction,TXN_FAILURE
2025-01-23 08:38:46,InsuranceApp,ERROR,Service unavailable,5833,SID-688771,52.159.118.213,203.156.33.112,404,499.43,88.35,32.07,66.8,461.08,API Gateway,DB_CONN_FAIL
2024-06-27 08:18:48,InsuranceApp,WARNING,Service unavailable,3267,SID-133890,39.150.162.58,128.8.10.232,401,467.08,72.43,76.97,43.03,750.13,Scheduler,API_TIMEOUT
2024-05-10 08:06:13,BankingApp,WARNING,Service unavailable,6880,SID-857380,166.79.218.75,234.209.130.69,401,334.01,92.74,20.43,30.97,408.15,Scheduler,API_TIMEOUT
2024-12-07 08:15:30,FraudDetection,INFO,API response delayed,5834,SID-886138,99.49.129.142,205.170.51.179,500,1040.11,16.92,23.89,16.39,262.21,Cache,TXN_FAILURE
2024-08-19 08:46:02,LoanProcessing,CRITICAL,API response delayed,1554,SID-613086,203.153.0.241,125.213.130.198,500,1915.34,89.34,21.79,68.22,642.35,Cache,DB_CONN_FAIL
2025-01-13 08:41:39,LoanProcessing,INFO,Transaction processed,3415,SID-866671,181.61.96.34,182.72.20.20,403,1088.87,31.09,89.63,73.18,498.47,Scheduler,API_TIMEOUT
2024-08-19 08:19:47,BankingApp,WARNING,API response delayed,9096,SID-197745,238.213.52.78,217.51.34.236,500,1808.19,14.56,79.77,51.56,102.64,Auth,MEM_LEAK
2025-03-29 08:09:29,FraudDetection,INFO,API response delayed,2167,SID-660214,139.135.76.21,120.234.96.219,201,145.04,67.39,53.89,16.39,984.46,Database,AUTH_401
2024-06-01 08:45:38,FraudDetection,ERROR,Memory usage high,5625,SID-897494,48.25.104.161,104.119.24.211,201,1930.45,60.63,87.37,99.16,575.69,Database,AUTH_401
2024-05-31 08:17:58,FraudDetection,ERROR,User authentication failed,1096,SID-198973,23.46.34.188,101.182.163.84,201,1400.99,69.72,63.5,71.62,522.8,Auth,MEM_LEAK
2024-07-28 08:11:17,InsuranceApp,WARNING,Memory usage high,3198,SID-328861,239.73.52.128,22.25.237.218,200,894.18,75.78,68.68,50.89,953.87,Cache,AUTH_401
2024-12-22 08:22:43,LoanProcessing,ERROR,CPU spike detected,4724,SID-725049,100.16.241.219,179.96.89.15,404,1015.0,52.24,70.2,66.82,700.81,Scheduler,DB_CONN_FAIL
2024-05-30 08:25:07,InsuranceApp,CRITICAL,Database connection lost,7525,SID-889976,226.192.123.93,29.5.143.70,503,1274.63,42.06,63.15,92.67,734.94,API Gateway,TXN_FAILURE
2024-09-23 08:22:33,InsuranceApp,INFO,CPU spike detected,1482,SID-417654,13.140.207.151,76.217.2.83,404,890.51,18.9,70.3,87.58,615.64,Transaction,DB_CONN_FAIL
2024-05-11 08:38:37,InsuranceApp,ERROR,Service unavailable,2908,SID-630230,167.123.41.154,152.184.195.171,403,1946.28,89.05,40.53,72.72,135.85,Database,DB_CONN_FAIL
2024-11-23 08:13:52,LoanProcessing,INFO,Memory usage high,1261,SID-521140,94.203.206.110,133.72.166.185,500,693.82,84.18,64.29,47.53,636.89,Database,MEM_LEAK
2024-12-11 08:51:54,InsuranceApp,INFO,User authentication failed,8957,SID-136785,77.165.206.229,254.56.88.116,500,315.84,85.51,25.62,51.51,275.57,Scheduler,AUTH_401
2025-03-23 08:23:43,FraudDetection,CRITICAL,Service unavailable,5341,SID-505818,7.0.94.189,71.38.207.37,503,1494.94,57.81,79.45,11.53,776.75,API Gateway,NULL
2024-11-19 08:39:05,FraudDetection,CRITICAL,Transaction processed,8006,SID-995353,41.164.251.49,128.64.19.222,200,989.11,26.45,84.09,19.84,220.17,Database,MEM_LEAK
2024-11-15 08:34:04,FraudDetection,CRITICAL,Database connection lost,7066,SID-447900,216.77.78.121,9.141.87.198,200,1612.38,37.16,37.6,75.69,388.56,API Gateway,DB_CONN_FAIL
2024-06-27 08:52:00,InsuranceApp,INFO,Database connection lost,2934,SID-867329,150.127.23.16,73.249.44.91,201,2601.29,45.3,52.84,69.23,784.88,Cache,NULL
2024-07-25 08:21:23,BankingApp,WARNING,CPU spike detected,3845,SID-537377,232.89.28.54,68.60.104.87,404,1500.46,19.0,48.03,35.09,464.71,Auth,CPU_OVERLOAD
2024-11-09 08:55:21,BankingApp,ERROR,Service unavailable,9296,SID-440776,8.129.18.9,179.8.247.208,200,1493.43,25.18,40.39,63.06,682.42,API Gateway,NULL
2024-06-26 08:11:02,BankingApp,ERROR,Database connection lost,2875,SID-171413,180.66.215.8,60.120.227.75,503,1017.93,43.88,70.56,67.25,240.55,Cache,TXN_FAILURE
2024-06-15 08:56:25,LoanProcessing,ERROR,Transaction processed,6509,SID-245485,114.203.162.105,15.86.212.68,500,-221.31,29.31,68.04,89.92,195.07,Transaction,NULL
2024-11-14 08:12:13,LoanProcessing,WARNING,User authentication failed,4894,SID-223266,20.200.11.232,208.177.115.86,404,1294.94,16.83,30.47,22.06,763.2,Database,API_TIMEOUT
2024-11-20 08:38:07,LoanProcessing,INFO,User authentication failed,1210,SID-439239,60.195.168.237,146.74.68.7,500,2179.27,35.99,45.36,52.75,732.66,Auth,CPU_OVERLOAD
2024-09-06 08:25:14,FraudDetection,CRITICAL,Transaction processed,9694,SID-501377,252.190.96.85,50.186.183.20,401,1354.24,94.38,42.69,63.77,758.53,Database,AUTH_401
2025-02-17 08:44:03,FraudDetection,WARNING,Memory usage high,2613,SID-272317,215.114.96.27,77.40.200.133,200,2887.89,79.82,71.46,73.55,299.79,Scheduler,DB_CONN_FAIL
2024-06-19 08:40:04,LoanProcessing,ERROR,Transaction processed,2046,SID-106319,112.142.101.220,180.57.231.154,503,2126.32,74.18,83.42,33.47,700.82,API Gateway,MEM_LEAK
2024-08-04 08:57:23,BankingApp,CRITICAL,User authentication failed,3668,SID-845952,14.70.26.113,203.226.130.19,404,650.95,29.9,68.51,73.08,458.01,Transaction,API_TIMEOUT
2024-04-29 08:57:20,LoanProcessing,ERROR,Service unavailable,1565,SID-438777,12.248.51.50,235.183.81.57,403,2207.57,81.18,53.35,89.29,427.3,API Gateway,TXN_FAILURE
2025-03-23 08:23:01,BankingApp,INFO,CPU spike detected,1963,SID-921194,58.255.60.148,35.212.110.141,404,3761.15,83.98,65.42,67.24,454.67,API Gateway,AUTH_401
2024-06-20 08:39:56,LoanProcessing,CRITICAL,Memory usage high,5221,SID-770154,34.94.124.217,142.92.66.11,404,910.74,65.31,45.85,68.59,603.84,Transaction,AUTH_401
2024-04-25 08:43:03,FraudDetection,CRITICAL,Transaction processed,5273,SID-825225,134.233.227.86,205.202.10.219,403,3750.93,48.0,33.05,61.18,608.16,Auth,MEM_LEAK
2025-01-16 08:10:25,InsuranceApp,INFO,CPU spike detected,2144,SID-307734,205.23.253.163,44.102.83.140,500,574.88,21.47,64.0,20.85,477.37,Transaction,MEM_LEAK
2025-02-08 08:55:50,LoanProcessing,INFO,CPU spike detected,5189,SID-435343,188.239.1.103,212.69.189.53,500,1881.38,41.19,43.13,39.98,117.6,API Gateway,CPU_OVERLOAD
2024-05-21 08:18:09,InsuranceApp,ERROR,Service unavailable,6387,SID-767425,210.40.168.32,156.239.149.58,200,345.25,13.26,35.51,63.39,699.44,API Gateway,TXN_FAILURE
2024-06-29 08:30:55,LoanProcessing,ERROR,Database connection lost,7995,SID-673804,147.58.141.95,156.203.189.94,503,802.82,40.82,48.56,18.63,756.57,Scheduler,CPU_OVERLOAD
2024-12-28 08:41:45,BankingApp,INFO,Database connection lost,5679,SID-301748,241.214.214.216,42.62.210.207,401,2052.0,56.62,64.7,26.67,815.39,Database,DB_CONN_FAIL
2025-03-19 08:00:14,FraudDetection,WARNING,Transaction processed,8547,SID-794919,150.42.154.126,60.205.0.198,500,1338.99,66.61,70.53,30.02,205.33,Auth,MEM_LEAK
2025-04-23 08:20:48,LoanProcessing,ERROR,Database connection lost,3495,SID-325865,159.105.147.254,67.2.92.242,200,1647.44,61.67,40.89,6.0,508.21,Scheduler,CPU_OVERLOAD
2024-08-30 08:46:18,FraudDetection,WARNING,Memory usage high,5136,SID-421373,41.231.215.241,97.134.254.241,401,1063.69,78.57,40.34,73.84,896.98,Transaction,API_TIMEOUT
2024-06-26 08:17:22,InsuranceApp,WARNING,Service unavailable,8452,SID-262255,136.76.45.70,162.142.133.78,404,954.21,84.84,33.76,27.7,526.45,Database,API_TIMEOUT
2025-02-09 08:26:49,LoanProcessing,WARNING,User authentication failed,1479,SID-373201,231.212.228.109,141.115.224.61,500,1673.41,65.33,29.09,94.48,524.35,Transaction,API_TIMEOUT
2024-08-01 08:56:54,LoanProcessing,INFO,Memory usage high,6885,SID-944530,163.178.214.56,109.195.68.12,400,393.9,33.46,54.88,82.71,917.92,Cache,NULL
2024-05-14 08:26:53,BankingApp,WARNING,API response delayed,7499,SID-431382,120.148.150.232,82.18.175.171,400,677.62,47.16,71.45,39.2,171.04,API Gateway,NULL
2025-01-02 08:57:55,LoanProcessing,ERROR,Transaction processed,9827,SID-559661,210.219.97.111,166.36.110.243,500,1805.91,68.73,33.63,63.74,558.01,Auth,AUTH_401
2024-09-14 08:02:28,InsuranceApp,WARNING,Database connection lost,5970,SID-173359,221.145.172.203,201.94.37.233,404,505.73,72.76,85.94,83.05,642.43,Scheduler,API_TIMEOUT
2024-12-06 08:06:53,FraudDetection,CRITICAL,Database connection lost,1381,SID-659565,177.5.43.162,123.228.203.59,404,1461.04,44.48,24.14,82.2,994.25,API Gateway,DB_CONN_FAIL
2025-03-20 08:05:18,InsuranceApp,ERROR,Database connection lost,5860,SID-696500,229.155.116.218,58.120.32.129,404,941.29,13.86,89.34,96.19,836.74,API Gateway,NULL
2024-11-25 08:05:07,BankingApp,WARNING,API response delayed,4568,SID-739889,182.223.198.216,7.249.221.128,401,343.91,49.2,89.21,29.29,930.29,API Gateway,API_TIMEOUT
2024-05-30 08:00:12,BankingApp,WARNING,Database connection lost,1180,SID-188295,122.45.190.206,164.189.53.161,400,449.11,65.89,39.78,52.3,610.74,Database,MEM_LEAK
2024-10-15 08:51:42,FraudDetection,ERROR,CPU spike detected,2338,SID-184712,131.172.237.112,79.50.170.142,500,1392.85,71.54,36.37,99.38,702.81,Database,DB_CONN_FAIL
2025-01-17 08:01:45,LoanProcessing,CRITICAL,API response delayed,4765,SID-932328,158.148.75.194,222.1.166.109,401,645.63,69.48,64.6,70.72,893.72,Database,TXN_FAILURE
2024-07-23 08:38:44,LoanProcessing,WARNING,Database connection lost,3740,SID-608847,161.6.128.123,119.53.42.124,404,-121.04,20.1,49.32,6.49,944.65,Cache,MEM_LEAK
2025-03-14 08:52:48,LoanProcessing,CRITICAL,Service unavailable,9694,SID-814614,230.242.110.200,40.164.209.37,403,2243.05,11.87,43.72,13.68,274.41,Scheduler,CPU_OVERLOAD
2024-11-28 08:47:18,InsuranceApp,ERROR,User authentication failed,5877,SID-348161,224.174.124.233,89.74.249.125,500,1123.15,16.9,83.17,36.06,328.01,Transaction,AUTH_401
2024-07-04 08:30:15,InsuranceApp,INFO,Memory usage high,1397,SID-992830,57.94.92.136,15.87.189.100,503,2035.65,67.05,78.32,30.66,592.03,Cache,AUTH_401
2025-04-04 08:45:25,FraudDetection,CRITICAL,Memory usage high,3344,SID-501192,240.116.225.87,64.85.39.41,200,76.32,49.85,79.53,52.22,980.48,Cache,MEM_LEAK
2024-06-16 08:19:59,BankingApp,ERROR,Service unavailable,3578,SID-263386,85.48.212.44,173.16.231.36,403,-204.47,46.47,34.5,24.7,515.83,Auth,AUTH_401
2024-07-18 08:38:00,LoanProcessing,INFO,Database connection lost,3099,SID-182930,91.149.92.4,37.32.122.32,201,990.17,39.95,84.53,90.83,656.97,API Gateway,MEM_LEAK
2024-11-02 08:23:34,FraudDetection,CRITICAL,User authentication failed,2738,SID-646562,187.114.40.250,50.181.131.200,201,1620.52,34.81,52.16,53.28,717.57,API Gateway,MEM_LEAK
2025-01-20 08:13:14,InsuranceApp,INFO,Database connection lost,3909,SID-673554,144.42.160.104,25.212.23.38,201,1780.75,71.54,87.43,75.48,194.74,Transaction,DB_CONN_FAIL
2025-03-31 08:57:51,LoanProcessing,CRITICAL,Database connection lost,1037,SID-368511,40.14.136.23,52.88.125.135,500,1395.51,72.08,55.31,87.16,114.87,Scheduler,AUTH_401
2025-01-01 08:20:38,InsuranceApp,ERROR,API response delayed,4032,SID-303811,212.2.201.170,81.122.73.72,500,597.68,76.39,44.41,31.91,503.89,Auth,NULL
2024-12-07 08:32:23,BankingApp,INFO,Service unavailable,8618,SID-554511,246.234.0.46,190.2.150.143,201,1329.66,17.06,71.11,42.19,759.97,API Gateway,API_TIMEOUT
2025-04-22 08:14:23,BankingApp,WARNING,Memory usage high,4988,SID-530306,224.150.21.50,35.97.133.243,404,1055.85,50.99,60.4,55.04,595.1,Scheduler,TXN_FAILURE
2024-12-05 08:09:00,FraudDetection,ERROR,CPU spike detected,9266,SID-149484,13.92.164.90,238.20.231.97,200,1014.11,18.93,58.7,19.07,106.68,Database,NULL
2024-12-21 08:51:04,BankingApp,ERROR,API response delayed,4396,SID-997305,219.135.199.221,116.91.33.194,400,1755.3,21.43,32.88,48.3,120.78,Cache,NULL
2025-03-27 08:35:03,LoanProcessing,ERROR,Service unavailable,7872,SID-364071,133.184.252.209,19.240.88.158,400,1553.81,85.33,37.57,32.35,251.46,API Gateway,NULL
2024-10-20 08:21:30,LoanProcessing,ERROR,API response delayed,5093,SID-471326,148.244.105.245,38.208.250.163,401,2500.61,92.32,29.75,13.37,211.8,Cache,API_TIMEOUT
2024-07-19 08:31:05,LoanProcessing,ERROR,API response delayed,3880,SID-132118,186.121.223.170,137.135.72.209,500,1792.16,61.0,94.12,86.51,357.75,API Gateway,NULL
2024-11-08 08:52:07,FraudDetection,CRITICAL,CPU spike detected,2599,SID-552124,117.67.214.23,245.239.11.240,500,412.02,74.7,42.7,58.92,882.87,Auth,NULL
2024-10-04 08:28:30,InsuranceApp,CRITICAL,Memory usage high,6206,SID-209165,17.167.183.27,144.142.152.112,401,84.56,36.57,62.57,67.45,311.43,Transaction,API_TIMEOUT
2024-06-08 08:51:49,BankingApp,CRITICAL,Transaction processed,1589,SID-495088,246.206.178.68,130.226.5.111,404,977.98,57.12,44.54,15.46,979.88,Cache,TXN_FAILURE
2024-06-26 08:33:26,FraudDetection,INFO,API response delayed,1176,SID-142909,168.11.135.42,158.91.139.240,401,1808.36,76.21,90.44,68.34,127.08,Transaction,CPU_OVERLOAD
2024-08-16 08:23:40,BankingApp,INFO,User authentication failed,3978,SID-822009,207.87.22.105,186.156.172.140,201,1157.54,57.46,40.28,89.8,362.23,Transaction,TXN_FAILURE
2024-05-22 08:46:00,BankingApp,CRITICAL,API response delayed,1030,SID-246146,213.234.192.31,106.48.48.38,401,107.64,38.35,20.99,23.2,448.62,Scheduler,API_TIMEOUT
2024-11-14 08:06:00,FraudDetection,WARNING,Transaction processed,6027,SID-914522,46.103.204.103,79.142.115.93,400,759.56,50.4,60.99,58.25,749.35,Database,API_TIMEOUT
2024-05-29 08:03:50,FraudDetection,INFO,API response delayed,2257,SID-602386,142.250.161.90,252.202.120.93,500,-192.77,23.46,84.84,17.47,438.65,Database,DB_CONN_FAIL
2024-06-05 08:07:16,InsuranceApp,ERROR,API response delayed,7047,SID-183818,154.204.187.70,167.131.125.215,500,1807.86,81.55,60.17,43.9,618.74,Database,DB_CONN_FAIL
2024-10-19 08:51:30,InsuranceApp,WARNING,CPU spike detected,6200,SID-351163,143.148.39.35,246.80.237.53,404,164.09,63.6,94.04,11.73,955.41,Auth,AUTH_401
2025-02-05 08:23:07,BankingApp,WARNING,Service unavailable,2594,SID-290125,125.209.142.247,136.9.236.65,200,1366.61,72.15,21.11,10.07,516.45,Scheduler,MEM_LEAK
2025-03-11 08:01:01,FraudDetection,CRITICAL,CPU spike detected,2826,SID-185433,105.48.99.148,68.123.88.38,404,1469.63,15.75,93.72,48.83,653.77,Cache,API_TIMEOUT
2025-01-11 08:14:40,BankingApp,WARNING,User authentication failed,2888,SID-277853,141.99.221.88,80.79.199.178,500,1540.88,74.39,26.54,50.2,584.88,API Gateway,AUTH_401
2025-01-29 08:18:30,BankingApp,ERROR,Database connection lost,4981,SID-643513,173.138.9.66,199.210.168.68,401,1375.44,57.33,86.35,32.89,452.61,Scheduler,NULL
2024-08-03 08:44:44,InsuranceApp,ERROR,Database connection lost,6522,SID-873000,18.180.41.152,236.93.12.65,503,556.34,73.85,94.34,5.43,473.17,Database,CPU_OVERLOAD
2024-05-09 08:44:08,FraudDetection,WARNING,Memory usage high,7554,SID-846803,246.152.165.170,29.157.101.148,201,1070.33,66.68,76.42,5.62,409.57,Transaction,MEM_LEAK
2024-12-12 08:57:41,InsuranceApp,WARNING,Service unavailable,3264,SID-543679,163.36.64.85,193.182.154.213,400,579.67,74.66,79.35,34.61,807.89,API Gateway,NULL
2025-03-20 08:33:05,BankingApp,CRITICAL,Transaction processed,5089,SID-150799,136.32.192.251,236.78.46.221,403,1697.97,41.23,65.89,23.46,674.02,Auth,DB_CONN_FAIL
2025-03-16 08:29:25,InsuranceApp,INFO,User authentication failed,5022,SID-144117,246.84.49.180,240.95.154.177,403,803.93,10.59,68.83,52.0,580.14,Auth,TXN_FAILURE
2024-07-01 08:05:41,FraudDetection,WARNING,CPU spike detected,6115,SID-432351,65.90.1.8,246.226.79.243,500,1324.6,76.01,86.2,77.45,388.16,Cache,AUTH_401
2025-02-18 08:54:34,LoanProcessing,INFO,User authentication failed,2162,SID-526168,192.7.1.93,133.73.77.171,503,3500.78,20.35,72.83,6.73,590.48,Auth,AUTH_401
2024-10-10 08:10:46,InsuranceApp,INFO,Transaction processed,6457,SID-288739,95.126.75.83,170.188.77.24,201,834.5,44.18,41.99,54.46,915.05,API Gateway,AUTH_401
2025-01-21 08:16:51,FraudDetection,INFO,Memory usage high,9968,SID-577379,126.10.202.58,74.198.43.82,200,1327.02,40.59,47.35,47.28,844.18,API Gateway,NULL
2024-11-10 08:09:15,BankingApp,ERROR,API response delayed,2519,SID-206517,213.30.184.11,243.121.210.16,400,870.54,11.67,23.58,10.77,374.94,API Gateway,DB_CONN_FAIL
2024-07-26 08:49:24,InsuranceApp,WARNING,Database connection lost,3959,SID-886834,177.9.133.75,90.165.156.155,500,1184.64,45.54,49.83,76.09,331.75,API Gateway,API_TIMEOUT
2024-05-16 08:27:46,BankingApp,WARNING,Transaction processed,2738,SID-776453,126.163.167.35,225.249.115.50,201,2428.14,75.73,48.32,21.5,709.05,Auth,NULL
2024-09-14 08:12:55,InsuranceApp,INFO,Memory usage high,1393,SID-858653,37.141.80.72,118.2.182.56,200,1597.56,51.0,88.37,71.16,446.15,Auth,AUTH_401
2024-07-26 08:47:33,FraudDetection,INFO,Memory usage high,2155,SID-739665,220.17.7.77,182.46.128.214,200,464.84,26.46,44.51,90.47,572.62,Cache,API_TIMEOUT
2024-12-24 08:22:49,LoanProcessing,ERROR,Database connection lost,3830,SID-752845,252.106.202.50,76.196.178.248,400,1702.88,92.41,23.22,12.65,296.9,Cache,AUTH_401
2025-02-18 08:26:39,LoanProcessing,WARNING,CPU spike detected,4020,SID-181243,63.5.108.133,92.47.167.129,503,1437.78,28.35,48.08,77.65,851.95,Cache,TXN_FAILURE
2024-06-28 08:36:10,InsuranceApp,WARNING,Transaction processed,2852,SID-105927,118.32.206.26,147.123.107.189,500,2243.89,66.95,75.09,7.54,695.71,API Gateway,MEM_LEAK
2024-10-31 08:45:00,LoanProcessing,CRITICAL,Memory usage high,8859,SID-326959,224.190.200.90,149.138.73.223,500,2706.07,75.06,84.98,56.03,221.15,Cache,MEM_LEAK
2024-10-11 08:47:27,BankingApp,ERROR,CPU spike detected,3686,SID-382766,107.180.37.138,107.155.198.54,400,640.7,91.0,92.32,85.59,600.55,Cache,MEM_LEAK
2024-06-18 08:38:34,LoanProcessing,CRITICAL,Transaction processed,5020,SID-751320,245.119.43.155,251.26.164.217,403,2125.79,47.57,66.44,45.0,452.94,Transaction,AUTH_401
2024-10-22 08:09:29,FraudDetection,CRITICAL,API response delayed,9647,SID-588861,54.8.29.213,191.180.21.216,404,1234.44,91.58,32.83,93.46,666.6,API Gateway,API_TIMEOUT
2025-01-20 08:39:33,LoanProcessing,ERROR,Transaction processed,5802,SID-617297,166.227.112.130,31.248.208.226,503,1104.52,52.59,23.32,76.68,642.04,Auth,CPU_OVERLOAD
2025-04-15 08:47:04,LoanProcessing,CRITICAL,Service unavailable,8158,SID-703728,203.202.22.56,201.62.13.139,403,1510.28,38.67,81.25,29.23,153.62,Scheduler,API_TIMEOUT
2024-07-09 08:43:39,BankingApp,INFO,User authentication failed,9838,SID-304236,84.135.212.15,154.1.146.221,404,1626.38,33.04,85.74,99.49,578.06,Transaction,AUTH_401
2025-03-24 08:23:09,InsuranceApp,ERROR,API response delayed,8185,SID-971417,44.203.18.144,231.181.144.95,401,1336.07,66.05,50.69,71.76,951.31,Scheduler,TXN_FAILURE
2025-04-16 08:31:22,FraudDetection,ERROR,Database connection lost,2700,SID-483655,187.159.184.22,35.153.25.114,401,525.56,39.94,76.5,71.13,505.26,Auth,NULL
2024-07-25 08:08:15,FraudDetection,INFO,Database connection lost,7503,SID-310765,104.121.172.177,131.39.48.164,200,1258.12,45.17,61.33,98.36,993.53,API Gateway,TXN_FAILURE
2025-01-18 08:53:41,BankingApp,INFO,API response delayed,5297,SID-654523,179.213.110.176,249.247.55.241,404,1434.72,44.61,37.83,84.96,227.4,API Gateway,CPU_OVERLOAD
2024-09-19 08:20:35,LoanProcessing,CRITICAL,API response delayed,5282,SID-773165,29.87.7.11,115.230.152.168,500,591.37,16.7,48.81,43.68,238.73,Cache,TXN_FAILURE
2024-12-18 08:23:39,LoanProcessing,CRITICAL,User authentication failed,7908,SID-597140,212.87.209.146,196.42.112.64,403,2081.08,84.08,68.09,11.76,157.55,Cache,AUTH_401
2024-09-30 08:27:05,BankingApp,INFO,Transaction processed,3374,SID-173943,166.16.98.183,10.218.97.4,500,1927.73,91.88,52.99,25.63,620.87,Database,DB_CONN_FAIL
2025-01-11 08:48:25,LoanProcessing,INFO,API response delayed,9813,SID-806157,54.80.228.85,10.244.99.254,500,442.05,57.09,51.2,53.87,324.71,API Gateway,API_TIMEOUT
2025-01-05 08:08:29,InsuranceApp,CRITICAL,Transaction processed,5759,SID-381655,221.9.158.35,63.128.119.223,401,1066.27,31.36,58.32,59.32,662.03,Scheduler,MEM_LEAK
2025-04-11 08:05:52,BankingApp,ERROR,Service unavailable,2187,SID-190854,97.102.157.132,217.224.205.201,200,-52.84,54.66,42.82,61.48,260.56,Transaction,DB_CONN_FAIL
2024-04-26 08:08:08,LoanProcessing,CRITICAL,Database connection lost,4127,SID-654475,174.168.89.146,91.189.2.217,400,37.63,29.92,32.96,33.7,160.0,Auth,NULL
2024-11-02 08:36:35,InsuranceApp,INFO,Memory usage high,9607,SID-867295,89.225.220.112,245.188.105.212,401,1585.95,53.78,39.4,32.05,524.38,Transaction,MEM_LEAK
2025-02-01 08:30:52,FraudDetection,INFO,Transaction processed,1946,SID-875118,127.179.109.178,30.235.191.194,403,492.38,17.56,80.44,51.26,806.31,Cache,DB_CONN_FAIL
2024-07-13 08:38:24,LoanProcessing,CRITICAL,Service unavailable,1362,SID-767852,30.91.199.248,94.84.201.253,403,597.65,84.88,40.28,19.19,214.24,Auth,CPU_OVERLOAD
2024-06-12 08:06:26,BankingApp,WARNING,Memory usage high,4943,SID-976758,75.169.141.191,57.101.253.67,201,964.43,50.51,27.26,45.93,896.32,Database,MEM_LEAK
2024-09-01 08:22:38,FraudDetection,ERROR,Database connection lost,8361,SID-888128,13.80.194.250,57.183.180.6,500,-457.18,21.47,53.83,30.06,875.48,Auth,CPU_OVERLOAD
2025-01-02 08:12:28,FraudDetection,INFO,Transaction processed,8534,SID-860650,8.127.164.78,90.27.127.90,401,612.73,83.4,36.85,47.44,878.35,API Gateway,TXN_FAILURE
2024-05-08 08:30:07,LoanProcessing,CRITICAL,Database connection lost,8381,SID-628204,92.246.219.216,250.206.156.121,401,589.03,78.09,58.99,35.97,354.81,Cache,TXN_FAILURE
2024-05-28 08:12:44,InsuranceApp,INFO,Service unavailable,7567,SID-336643,68.241.174.40,153.188.95.125,201,-1179.36,90.57,27.17,16.03,589.98,Cache,API_TIMEOUT
2024-06-09 08:51:55,InsuranceApp,WARNING,API response delayed,7805,SID-681773,157.238.27.223,86.155.146.123,400,2336.8,80.95,28.97,29.42,519.3,Database,DB_CONN_FAIL
2024-09-21 08:51:13,FraudDetection,WARNING,Memory usage high,1522,SID-344646,137.82.104.95,95.135.124.78,201,-101.86,53.32,51.87,38.65,777.47,Database,AUTH_401
2024-12-17 08:04:15,LoanProcessing,INFO,Memory usage high,8946,SID-392826,253.193.201.55,196.47.226.183,200,28.16,72.5,26.61,93.96,699.14,API Gateway,API_TIMEOUT
2024-10-26 08:24:42,FraudDetection,ERROR,Memory usage high,1202,SID-415646,231.65.116.102,31.0.75.32,500,1522.12,71.96,34.67,20.63,415.89,Transaction,MEM_LEAK
2024-05-06 08:17:51,LoanProcessing,WARNING,CPU spike detected,4266,SID-789397,83.153.150.198,115.154.148.4,404,755.59,11.18,48.6,71.63,751.69,Transaction,API_TIMEOUT
2025-03-14 08:51:20,BankingApp,CRITICAL,CPU spike detected,2846,SID-820531,81.237.0.143,173.59.192.59,500,997.16,90.81,93.69,23.85,895.91,Cache,NULL
2024-12-08 08:48:26,InsuranceApp,ERROR,Database connection lost,7766,SID-749820,122.216.241.135,72.226.224.25,404,1331.1,76.76,58.86,36.38,944.25,Scheduler,CPU_OVERLOAD
2024-04-30 08:27:07,BankingApp,ERROR,Database connection lost,7646,SID-564910,183.37.188.133,166.50.54.197,503,-536.82,42.54,51.25,98.86,709.25,Transaction,DB_CONN_FAIL
2024-05-14 08:41:14,BankingApp,ERROR,Memory usage high,3555,SID-699521,170.187.233.113,71.158.186.162,500,503.64,63.68,55.26,76.72,605.19,Scheduler,API_TIMEOUT
2024-10-22 08:42:23,LoanProcessing,INFO,Database connection lost,3258,SID-522574,29.78.141.123,47.10.53.62,500,525.1,64.57,32.79,69.24,362.82,Cache,TXN_FAILURE
2024-10-16 08:27:59,InsuranceApp,INFO,Service unavailable,9270,SID-408944,150.217.84.168,165.97.56.195,200,1588.37,69.3,48.11,81.22,262.97,Transaction,TXN_FAILURE
2024-12-29 08:41:25,FraudDetection,CRITICAL,Transaction processed,8140,SID-757126,224.137.31.149,151.139.83.169,400,1472.24,22.9,66.6,24.92,368.16,Scheduler,AUTH_401
2024-05-06 08:55:24,BankingApp,CRITICAL,Transaction processed,3742,SID-227706,107.161.5.224,100.125.63.71,404,-256.59,14.55,67.4,90.98,585.16,Transaction,DB_CONN_FAIL
2025-04-04 08:26:46,FraudDetection,ERROR,Database connection lost,9562,SID-377937,81.3.10.43,156.223.200.138,400,933.95,85.88,84.82,39.71,971.63,API Gateway,API_TIMEOUT
2024-06-24 08:15:18,BankingApp,CRITICAL,CPU spike detected,3974,SID-429817,233.64.199.119,122.37.187.29,400,1399.28,85.68,54.09,69.6,593.16,Cache,AUTH_401
2025-04-08 08:47:49,BankingApp,WARNING,Service unavailable,6722,SID-868830,122.67.249.160,34.44.91.69,500,259.83,57.32,58.12,43.22,535.02,Database,CPU_OVERLOAD
2024-06-11 08:21:28,InsuranceApp,INFO,Service unavailable,1459,SID-512005,197.21.247.171,244.91.246.240,503,154.93,78.26,57.29,7.87,574.12,Transaction,CPU_OVERLOAD
2024-07-04 08:00:09,FraudDetection,INFO,Database connection lost,4550,SID-671833,65.142.202.227,199.52.17.134,401,1122.09,81.77,83.31,97.5,608.46,Transaction,API_TIMEOUT
2025-03-19 08:50:44,InsuranceApp,ERROR,Service unavailable,9125,SID-271420,31.83.70.245,69.228.198.130,404,1307.55,66.78,63.8,30.28,913.65,Transaction,CPU_OVERLOAD
2024-05-03 08:24:40,LoanProcessing,WARNING,CPU spike detected,5412,SID-201583,197.7.151.168,143.8.142.220,500,-0.04,19.14,85.16,99.01,826.14,API Gateway,API_TIMEOUT
2024-08-30 08:09:39,BankingApp,INFO,Transaction processed,1649,SID-451355,34.87.105.93,129.80.95.53,404,2836.88,31.68,43.04,31.8,279.43,Cache,CPU_OVERLOAD
2025-03-09 08:36:26,BankingApp,ERROR,Transaction processed,9886,SID-754907,15.101.74.46,57.166.66.200,201,593.86,88.01,25.92,87.04,927.54,Cache,TXN_FAILURE
2025-01-28 08:57:48,FraudDetection,INFO,Transaction processed,7608,SID-965153,82.3.164.169,86.254.86.118,403,2278.59,37.27,40.7,42.71,935.37,Scheduler,TXN_FAILURE
2024-10-12 08:37:05,LoanProcessing,WARNING,CPU spike detected,4647,SID-316836,107.67.249.254,247.62.17.200,401,1449.02,20.08,26.9,45.21,463.65,Auth,NULL
2025-03-07 08:26:18,InsuranceApp,WARNING,Transaction processed,2323,SID-307841,27.44.221.138,138.137.32.45,400,1625.75,34.32,91.27,59.03,364.28,Cache,DB_CONN_FAIL
2024-07-17 08:22:48,FraudDetection,WARNING,Database connection lost,2283,SID-141615,240.50.46.140,90.164.51.113,500,1093.54,63.12,61.57,6.34,101.7,Transaction,API_TIMEOUT
2024-07-25 08:42:59,BankingApp,INFO,Service unavailable,9726,SID-294358,184.166.78.104,129.151.103.133,401,1230.37,25.69,25.23,87.83,467.23,API Gateway,API_TIMEOUT
2024-09-06 08:20:47,BankingApp,CRITICAL,Database connection lost,3215,SID-760666,23.85.84.131,121.36.11.183,503,949.1,78.93,69.36,13.39,186.31,Scheduler,TXN_FAILURE
2024-08-05 08:21:13,BankingApp,INFO,User authentication failed,1209,SID-606944,243.6.83.20,192.181.3.219,500,1495.2,66.17,77.32,46.23,540.55,Transaction,TXN_FAILURE
2024-08-21 08:33:41,InsuranceApp,WARNING,Transaction processed,7265,SID-802757,153.41.179.248,210.187.152.122,401,1076.58,39.1,39.17,66.24,422.82,Database,NULL
2024-11-17 08:43:53,LoanProcessing,CRITICAL,Database connection lost,7940,SID-431676,152.148.31.218,32.176.219.144,201,1350.6,63.02,50.15,21.76,210.4,Scheduler,MEM_LEAK
2025-02-09 08:47:49,InsuranceApp,CRITICAL,API response delayed,4439,SID-814943,243.247.222.186,97.31.243.119,503,1670.55,19.76,61.42,84.86,537.9,Database,NULL
2024-08-18 08:44:58,LoanProcessing,CRITICAL,CPU spike detected,4985,SID-363936,49.181.239.91,235.76.151.124,400,1870.43,81.59,46.19,12.34,317.99,Transaction,MEM_LEAK
2024-05-05 08:47:19,InsuranceApp,ERROR,Memory usage high,7805,SID-443436,85.138.156.175,128.6.225.70,404,2559.98,72.62,23.67,36.84,828.79,Auth,AUTH_401
2024-11-06 08:11:55,LoanProcessing,ERROR,Service unavailable,4198,SID-250568,190.95.154.153,214.56.205.97,401,-573.2,40.38,63.26,5.83,284.66,Cache,DB_CONN_FAIL
2025-02-19 08:24:52,BankingApp,INFO,Memory usage high,7284,SID-601146,168.12.7.46,110.114.175.35,401,634.81,29.19,81.97,75.44,870.47,Database,CPU_OVERLOAD
2025-02-21 08:07:35,InsuranceApp,ERROR,CPU spike detected,3291,SID-508503,39.91.171.9,96.254.83.81,404,26.4,93.44,47.78,47.07,784.3,Cache,API_TIMEOUT
2024-08-25 08:16:26,BankingApp,INFO,Transaction processed,2134,SID-592221,52.27.13.58,51.103.248.44,201,1953.29,23.55,63.71,9.85,471.64,Database,DB_CONN_FAIL
2025-04-11 08:48:19,BankingApp,WARNING,User authentication failed,2867,SID-326194,207.230.41.83,55.208.146.35,200,1448.95,23.63,88.73,47.69,853.17,Cache,TXN_FAILURE
2025-01-23 08:43:24,InsuranceApp,CRITICAL,Transaction processed,3978,SID-522475,138.68.131.123,158.243.163.195,201,2272.54,85.87,55.84,16.26,913.26,Auth,CPU_OVERLOAD
2024-12-27 08:36:45,LoanProcessing,INFO,Database connection lost,1096,SID-682814,199.92.159.252,226.104.12.243,401,1780.88,90.27,20.49,14.68,830.64,Database,DB_CONN_FAIL
2024-12-14 08:48:25,FraudDetection,WARNING,Memory usage high,6537,SID-914192,155.122.231.185,113.160.209.255,503,872.45,19.41,39.58,89.43,359.24,Transaction,API_TIMEOUT
2025-04-06 08:06:00,InsuranceApp,ERROR,API response delayed,8757,SID-820052,144.241.86.32,220.124.151.111,503,642.63,32.65,43.23,19.28,105.17,Database,TXN_FAILURE
2025-01-09 08:20:03,FraudDetection,WARNING,Memory usage high,3744,SID-896504,228.2.25.230,167.204.159.211,503,1804.15,84.62,74.57,71.97,778.69,Scheduler,NULL
2025-01-11 08:15:27,BankingApp,CRITICAL,Memory usage high,6506,SID-688716,96.93.36.238,116.142.98.151,401,837.45,49.03,33.2,59.34,827.74,Scheduler,TXN_FAILURE
2025-03-14 11:55:00,BankingApp,CRITICAL,Database unreachable during login,1123,SID-100001,192.168.1.10,10.0.0.5,500,850.00,92.3,87.4,75.0,600.0,LoginService,DB_CONN_ERR
2025-03-14 11:55:00,BankingApp,ERROR,Failed to execute transaction query,2341,SID-100002,192.168.1.11,10.0.0.5,503,910.50,88.1,90.2,78.6,590.2,Transaction,DB_CONN_TIMEOUT
2025-03-14 11:55:00,BankingApp,WARNING,Connection to DB timed out,1987,SID-100003,192.168.1.12,10.0.0.5,408,620.25,70.0,65.3,55.0,500.8,DBMiddleware,DB_TIMEOUT
2025-03-14 11:55:00,BankingApp,ERROR,Login failed due to backend DB issue,1532,SID-100004,192.168.1.13,10.0.0.5,401,755.10,85.6,89.1,60.2,480.5,LoginService,AUTH_DB_DOWN
2025-03-14 11:55:00,BankingApp,INFO,Retrying failed DB connection,1789,SID-100005,192.168.1.14,10.0.0.5,200,510.00,65.5,72.3,42.1,450.6,DBConnector,RETRY_ATTEMPT